{
  "model_name": "random_forest",
  "run_id": "0e46e2d01503455dbc7ac01e14d06654",
  "train_rmse": 1.6505144039319743,
  "train_mae": 1.056510074040334,
  "train_r2": 0.9700072170411377,
  "val_rmse": 3.776160283348538,
  "val_mae": 2.4988954530917478,
  "val_r2": 0.7994457400438238
}
