{
  "model_name": "ridge",
  "run_id": "2a3994852f2c4310a4f8e43fb835376f",
  "train_rmse": 4.627051614713665,
  "train_mae": 3.3283974888989327,
  "train_r2": 0.7642852197026118,
  "val_rmse": 4.824808643600834,
  "val_mae": 3.202045807704972,
  "val_r2": 0.6725905291276149
}
