{
  "best_model": "random_forest",
  "best_run_id": "f7379d7a8f794a4db63c04ae7132dc35",
  "best_val_rmse": 3.776160283348538,
  "all_models": {
    "linear_regression": {
      "val_rmse": 4.82560235149821,
      "val_mae": 3.210760482937757,
      "val_r2": 0.672482798903795,
      "train_rmse": 4.626867660858839
    },
    "ridge": {
      "val_rmse": 4.824808643600834,
      "val_mae": 3.202045807704972,
      "val_r2": 0.6725905291276149,
      "train_rmse": 4.627051614713665
    },
    "random_forest": {
      "val_rmse": 3.776160283348538,
      "val_mae": 2.4988954530917478,
      "val_r2": 0.7994457400438238,
      "train_rmse": 1.6505144039319743
    }
  }
}
